short_id,short_headline,short_view_count,url,time_record,video_tag
Du_PKRdB50Y,She did NOT hesitate giving her number 💀 (Jujutsu Kaisen Season 2),2.4M views,/shorts/Du_PKRdB50Y,2024-03-18 23:32:23.757362,"['HARISSM', 'anime reaction', 'anime mashup', 'Jujutsu Kaisen', 'Jujutsu Kaisen Season 2 Episode 2', 'Jujutsu Kaisen Season 2 reaction', 'Jujutsu Kaisen season 2 episode 2 reaction', 'Jujutsu Kaisen season 2 ep 2 reaction', 'Jujutsu Kaisen gojo geto', 'Jujutsu Kaisen fushiguro dad', 'Jujutsu Kaisen episode 2', 'Jujutsu Kaisen Harissm', 'Jujutsu Kaisen reaction mashup', 'Jujutsu kaisen harissm reaction', 'itadori yuuji', 'fushiguro megumi', 'gojou satoru', 'jujutsu kaisen end', 'fushiguro touji', 'getou suguru']"
1YIu8_whO30,The reason you can't buy live tuna 🤨,81M views,/shorts/1YIu8_whO30,2024-03-18 23:32:23.757362,[]
FnBANKqlr4k,A couple adopted a blind tiger that grew up to possess. #shortvideo #Tiger #Blindness #shortsHealing,2.4M views,/shorts/FnBANKqlr4k,2024-03-18 23:32:23.757362,[]
yeseJ_WyvQg,Maomao's new little student😂😂 [The Apothecary diaries] #animeedit #viral #fyp,218K views,/shorts/yeseJ_WyvQg,2024-03-18 23:32:23.757362,[]
SMHdXNxIUrQ,Kai Cenat Though He Got Called The N Word😂,5.5M views,/shorts/SMHdXNxIUrQ,2024-03-18 23:32:23.757362,[]
Di4pA8-gBY0,Meaning of Swastika Symbol In Japan vs. The West #shorts,12M views,/shorts/Di4pA8-gBY0,2024-03-18 23:32:23.757362,"['Asian Boss', 'Asia', 'Stay Curious']"
gjsWMIHAJjg,可以請您放手嗎😊離していただけませんか？Will you let me go?#藥師少女的獨語#TheApothecaryDiaries#薬屋のひとりごと #cosplay #shorts,2.6M views,/shorts/gjsWMIHAJjg,2024-03-18 23:32:23.757362,[]
WxY5-I5hZ_8,STARDENBURDENHARDENBART day11 Cat Calling in different languages (German always works),491K views,/shorts/WxY5-I5hZ_8,2024-03-18 23:32:23.757362,"['cat', 'cats', 'languages', 'STARDENBURDENHARDENBART', 'Cat Calling', 'German always works', 'humor', 'meme', 'tik tok', 'kitty']"
Du2LFI-bkF0,when your gf walks in but you're addicted to wow,5.4M views,/shorts/Du2LFI-bkF0,2024-03-18 23:32:23.757362,[]
6B2j3osJ0Kk,Toph Thinks She Gets Saved By Sokka Reaction,275K views,/shorts/6B2j3osJ0Kk,2024-03-18 23:32:23.757362,"['avatar season 2 reaction', 'Atla 2x10 reaction', 'avatar the last airbender 2x9 reaction', 'avatar the last airbender', 'zuko', 'katara', 'aang', 'Toph', 'toph vs Aang', 'toph earthbending', 'Aang Vs toph', 'toph vs earthbenders', 'Toph and Sokka', 'Sokka and Toph', 'Sokka saves Toph']"
mITd8UHkzO4,"Frieren TROLLS her enemies, even demons feel insulted | Frieren: Beyond Journey's End",1M views,/shorts/mITd8UHkzO4,2024-03-18 23:32:23.757362,"['Sousou no Frieren', ""Frieren: Beyond Journey's End""]"
5JyijwAIWsk,Professional Motion Capture Actor,40M views,/shorts/5JyijwAIWsk,2024-03-18 23:32:23.757362,[]
